LGA,CR,Pop,2011,2012,2013,2015,2016,2017,2018,2019,2020
 Alpine,278,12068.0,1,0,0,0,0,0,0,0,0
 Ararat,802,11326.0,1,0,0,0,0,0,0,0,0
 Ballarat,"8,179",95185.0,1,0,0,0,0,0,0,0,0
 Banyule,"5,603",122983.0,1,0,0,0,0,0,0,0,0
 Bass Coast,"1,601",30233.0,1,0,0,0,0,0,0,0,0
 Baw Baw,"1,732",43389.0,1,0,0,0,0,0,0,0,0
 Bayside,"3,004",96119.0,1,0,0,0,0,0,0,0,0
 Benalla,760,13818.0,1,0,0,0,0,0,0,0,0
 Boroondara,"5,265",167062.0,1,0,0,0,0,0,0,0,0
 Brimbank,"14,296",191496.0,1,0,0,0,0,0,0,0,0
 Buloke,221,6465.0,1,0,0,0,0,0,0,0,0
 Campaspe,"1,895",36855.0,1,0,0,0,0,0,0,0,0
 Cardinia,"3,346",75831.0,1,0,0,0,0,0,0,0,0
 Casey,"10,944",261282.0,1,0,0,0,0,0,0,0,0
 Central Goldfields,677,12579.0,1,0,0,0,0,0,0,0,0
 Colac-Otway,"1,090",20799.0,1,0,0,0,0,0,0,0,0
 Corangamite,522,16526.0,1,0,0,0,0,0,0,0,0
 Darebin,"9,583",142942.0,1,0,0,0,0,0,0,0,0
 East Gippsland,"2,499",42826.0,1,0,0,0,0,0,0,0,0
 Frankston,"9,245",130350.0,1,0,0,0,0,0,0,0,0
 Gannawarra,444,10453.0,1,0,0,0,0,0,0,0,0
 Glen Eira,"4,402",137152.0,1,0,0,0,0,0,0,0,0
 Glenelg,"1,235",19848.0,1,0,0,0,0,0,0,0,0
 Golden Plains,296,18958.0,1,0,0,0,0,0,0,0,0
 Greater Bendigo,"5,049",101995.0,1,0,0,0,0,0,0,0,0
 Greater Dandenong,"11,002",142167.0,1,0,0,0,0,0,0,0,0
 Greater Geelong,"12,494",215837.0,1,0,0,0,0,0,0,0,0
 Greater Shepparton,"5,002",61744.0,1,0,0,0,0,0,0,0,0
 Hepburn,503,14629.0,1,0,0,0,0,0,0,0,0
 Hindmarsh,172,5856.0,1,0,0,0,0,0,0,0,0
 Hobsons Bay,"4,743",87395.0,1,0,0,0,0,0,0,0,0
 Horsham,"1,231",19523.0,1,0,0,0,0,0,0,0,0
 Hume,"11,012",174290.0,1,0,0,0,0,0,0,0,0
 Indigo,370,15317.0,1,0,0,0,0,0,0,0,0
 Kingston,"6,709",148304.0,1,0,0,0,0,0,0,0,0
 Knox,"5,973",154625.0,1,0,0,0,0,0,0,0,0
 Latrobe,"6,785",73788.0,1,0,0,0,0,0,0,0,0
 Loddon,331,7546.0,1,0,0,0,0,0,0,0,0
 Macedon Ranges,"1,167",42883.0,1,0,0,0,0,0,0,0,0
 Manningham,"2,804",116750.0,1,0,0,0,0,0,0,0,0
 Mansfield,249,7942.0,1,0,0,0,0,0,0,0,0
 Maribyrnong,"6,981",75154.0,1,0,0,0,0,0,0,0,0
 Maroondah,"4,779",107323.0,1,0,0,0,0,0,0,0,0
 Melbourne,"23,656",100240.0,1,0,0,0,0,0,0,0,0
 Melton,"6,065",112643.0,1,0,0,0,0,0,0,0,0
 Mildura,"4,478",51822.0,1,0,0,0,0,0,0,0,0
 Mitchell,"1,816",35105.0,1,0,0,0,0,0,0,0,0
 Moira,"1,176",28406.0,1,0,0,0,0,0,0,0,0
 Monash,"6,475",177345.0,1,0,0,0,0,0,0,0,0
 Moonee Valley,"6,029",112180.0,1,0,0,0,0,0,0,0,0
 Moorabool,"1,094",28670.0,1,0,0,0,0,0,0,0,0
 Moreland,"8,895",154247.0,1,0,0,0,0,0,0,0,0
 Mornington Peninsula,"6,987",149271.0,1,0,0,0,0,0,0,0,0
 Mount Alexander,726,17872.0,1,0,0,0,0,0,0,0,0
 Moyne,441,16167.0,1,0,0,0,0,0,0,0,0
 Murrindindi,428,13335.0,1,0,0,0,0,0,0,0,0
 Nillumbik,"1,458",62716.0,1,0,0,0,0,0,0,0,0
 Northern Grampians,787,12054.0,1,0,0,0,0,0,0,0,0
 Port Phillip,"8,254",97276.0,1,0,0,0,0,0,0,0,0
 Pyrenees,209,6759.0,1,0,0,0,0,0,0,0,0
 Queenscliffe,92,3061.0,1,0,0,0,0,0,0,0,0
 South Gippsland,857,27512.0,1,0,0,0,0,0,0,0,0
 Southern Grampians,859,16571.0,1,0,0,0,0,0,0,0,0
 Stonnington,"6,806",98853.0,1,0,0,0,0,0,0,0,0
 Strathbogie,347,9598.0,1,0,0,0,0,0,0,0,0
 Surf Coast,999,26666.0,1,0,0,0,0,0,0,0,0
 Swan Hill,"1,333",20865.0,1,0,0,0,0,0,0,0,0
 Towong,161,5918.0,1,0,0,0,0,0,0,0,0
 Wangaratta,"1,690",27212.0,1,0,0,0,0,0,0,0,0
 Warrnambool,"1,827",32667.0,1,0,0,0,0,0,0,0,0
 Wellington,"2,309",42068.0,1,0,0,0,0,0,0,0,0
 West Wimmera,100,4287.0,1,0,0,0,0,0,0,0,0
 Whitehorse,"5,212",157538.0,1,0,0,0,0,0,0,0,0
 Whittlesea,"8,758",160800.0,1,0,0,0,0,0,0,0,0
 Wodonga,"2,383",36025.0,1,0,0,0,0,0,0,0,0
 Wyndham,"9,639",166699.0,1,0,0,0,0,0,0,0,0
 Yarra,"8,718",78903.0,1,0,0,0,0,0,0,0,0
 Yarra Ranges,"4,782",148901.0,1,0,0,0,0,0,0,0,0
 Yarriambiack,285,7183.0,1,0,0,0,0,0,0,0,0
 Alpine,318,12183.0,0,1,0,0,0,0,0,0,0
 Ararat,934,11400.0,0,1,0,0,0,0,0,0,0
 Ballarat,"8,179",96728.0,0,1,0,0,0,0,0,0,0
 Banyule,"5,815",123584.0,0,1,0,0,0,0,0,0,0
 Bass Coast,"1,848",30811.0,0,1,0,0,0,0,0,0,0
 Baw Baw,"2,133",44506.0,0,1,0,0,0,0,0,0,0
 Bayside,"3,504",96971.0,0,1,0,0,0,0,0,0,0
 Benalla,728,13849.0,0,1,0,0,0,0,0,0,0
 Boroondara,"5,918",168483.0,0,1,0,0,0,0,0,0,0
 Brimbank,"15,481",193774.0,0,1,0,0,0,0,0,0,0
 Buloke,236,6434.0,0,1,0,0,0,0,0,0,0
 Campaspe,"2,233",37041.0,0,1,0,0,0,0,0,0,0
 Cardinia,"3,819",80422.0,0,1,0,0,0,0,0,0,0
 Casey,"11,799",269240.0,0,1,0,0,0,0,0,0,0
 Central Goldfields,771,12714.0,0,1,0,0,0,0,0,0,0
 Colac-Otway,"1,183",20902.0,0,1,0,0,0,0,0,0,0
 Corangamite,543,16470.0,0,1,0,0,0,0,0,0,0
 Darebin,"9,672",144986.0,0,1,0,0,0,0,0,0,0
 East Gippsland,"2,667",43329.0,0,1,0,0,0,0,0,0,0
 Frankston,"10,538",132194.0,0,1,0,0,0,0,0,0,0
 Gannawarra,423,10498.0,0,1,0,0,0,0,0,0,0
 Glen Eira,"4,619",139116.0,0,1,0,0,0,0,0,0,0
 Glenelg,"1,093",19825.0,0,1,0,0,0,0,0,0,0
 Golden Plains,376,19604.0,0,1,0,0,0,0,0,0,0
 Greater Bendigo,"5,648",103905.0,0,1,0,0,0,0,0,0,0
 Greater Dandenong,"11,782",145116.0,0,1,0,0,0,0,0,0,0
 Greater Geelong,"13,449",219152.0,0,1,0,0,0,0,0,0,0
 Greater Shepparton,"4,824",62562.0,0,1,0,0,0,0,0,0,0
 Hepburn,555,14825.0,0,1,0,0,0,0,0,0,0
 Hindmarsh,199,5857.0,0,1,0,0,0,0,0,0,0
 Hobsons Bay,"5,850",88339.0,0,1,0,0,0,0,0,0,0
 Horsham,"1,416",19608.0,0,1,0,0,0,0,0,0,0
 Hume,"11,988",179202.0,0,1,0,0,0,0,0,0,0
 Indigo,383,15454.0,0,1,0,0,0,0,0,0,0
 Kingston,"7,481",150435.0,0,1,0,0,0,0,0,0,0
 Knox,"6,852",155406.0,0,1,0,0,0,0,0,0,0
 Latrobe,"7,456",74004.0,0,1,0,0,0,0,0,0,0
 Loddon,333,7529.0,0,1,0,0,0,0,0,0,0
 Macedon Ranges,"1,319",43794.0,0,1,0,0,0,0,0,0,0
 Manningham,"2,924",117440.0,0,1,0,0,0,0,0,0,0
 Mansfield,254,8097.0,0,1,0,0,0,0,0,0,0
 Maribyrnong,"7,475",77179.0,0,1,0,0,0,0,0,0,0
 Maroondah,"5,219",108434.0,0,1,0,0,0,0,0,0,0
 Melbourne,"24,746",107578.0,0,1,0,0,0,0,0,0,0
 Melton,"6,926",118329.0,0,1,0,0,0,0,0,0,0
 Mildura,"4,595",52475.0,0,1,0,0,0,0,0,0,0
 Mitchell,"1,961",36384.0,0,1,0,0,0,0,0,0,0
 Moira,"1,058",28675.0,0,1,0,0,0,0,0,0,0
 Monash,"6,526",180312.0,0,1,0,0,0,0,0,0,0
 Moonee Valley,"6,962",113673.0,0,1,0,0,0,0,0,0,0
 Moorabool,"1,352",29363.0,0,1,0,0,0,0,0,0,0
 Moreland,"9,813",156967.0,0,1,0,0,0,0,0,0,0
 Mornington Peninsula,"7,355",151700.0,0,1,0,0,0,0,0,0,0
 Mount Alexander,634,18053.0,0,1,0,0,0,0,0,0,0
 Moyne,537,16304.0,0,1,0,0,0,0,0,0,0
 Murrindindi,457,13456.0,0,1,0,0,0,0,0,0,0
 Nillumbik,"1,454",62935.0,0,1,0,0,0,0,0,0,0
 Northern Grampians,654,11970.0,0,1,0,0,0,0,0,0,0
 Port Phillip,"8,837",99893.0,0,1,0,0,0,0,0,0,0
 Pyrenees,248,6860.0,0,1,0,0,0,0,0,0,0
 Queenscliffe,111,3057.0,0,1,0,0,0,0,0,0,0
 South Gippsland,935,27926.0,0,1,0,0,0,0,0,0,0
 Southern Grampians,800,16461.0,0,1,0,0,0,0,0,0,0
 Stonnington,"7,291",101410.0,0,1,0,0,0,0,0,0,0
 Strathbogie,379,9744.0,0,1,0,0,0,0,0,0,0
 Surf Coast,"1,175",27530.0,0,1,0,0,0,0,0,0,0
 Swan Hill,"1,381",20971.0,0,1,0,0,0,0,0,0,0
 Towong,196,5940.0,0,1,0,0,0,0,0,0,0
 Wangaratta,"1,737",27438.0,0,1,0,0,0,0,0,0,0
 Warrnambool,"1,827",33059.0,0,1,0,0,0,0,0,0,0
 Wellington,"2,862",42445.0,0,1,0,0,0,0,0,0,0
 West Wimmera,133,4214.0,0,1,0,0,0,0,0,0,0
 Whitehorse,"5,583",159661.0,0,1,0,0,0,0,0,0,0
 Whittlesea,"9,849",169993.0,0,1,0,0,0,0,0,0,0
 Wodonga,"2,603",36758.0,0,1,0,0,0,0,0,0,0
 Wyndham,"11,066",179131.0,0,1,0,0,0,0,0,0,0
 Yarra,"9,199",81268.0,0,1,0,0,0,0,0,0,0
 Yarra Ranges,"5,216",149864.0,0,1,0,0,0,0,0,0,0
 Yarriambiack,274,7095.0,0,1,0,0,0,0,0,0,0
 Alpine,363,12283.0,0,0,1,0,0,0,0,0,0
 Ararat,874,11490.0,0,0,1,0,0,0,0,0,0
 Ballarat,"8,108",98344.0,0,0,1,0,0,0,0,0,0
 Banyule,"6,430",124314.0,0,0,1,0,0,0,0,0,0
 Bass Coast,"1,970",31331.0,0,0,1,0,0,0,0,0,0
 Baw Baw,"2,215",45627.0,0,0,1,0,0,0,0,0,0
 Bayside,"3,489",98252.0,0,0,1,0,0,0,0,0,0
 Benalla,854,13878.0,0,0,1,0,0,0,0,0,0
 Boroondara,"5,965",170485.0,0,0,1,0,0,0,0,0,0
 Brimbank,"15,273",196169.0,0,0,1,0,0,0,0,0,0
 Buloke,187,6388.0,0,0,1,0,0,0,0,0,0
 Campaspe,"2,100",37213.0,0,0,1,0,0,0,0,0,0
 Cardinia,"4,344",84591.0,0,0,1,0,0,0,0,0,0
 Casey,"12,056",278023.0,0,0,1,0,0,0,0,0,0
 Central Goldfields,811,12815.0,0,0,1,0,0,0,0,0,0
 Colac-Otway,"1,021",21035.0,0,0,1,0,0,0,0,0,0
 Corangamite,456,16410.0,0,0,1,0,0,0,0,0,0
 Darebin,"10,018",147272.0,0,0,1,0,0,0,0,0,0
 East Gippsland,"3,071",43809.0,0,0,1,0,0,0,0,0,0
 Frankston,"10,782",134351.0,0,0,1,0,0,0,0,0,0
 Gannawarra,413,10526.0,0,0,1,0,0,0,0,0,0
 Glen Eira,"4,735",141260.0,0,0,1,0,0,0,0,0,0
 Glenelg,"1,184",19797.0,0,0,1,0,0,0,0,0,0
 Golden Plains,402,20362.0,0,0,1,0,0,0,0,0,0
 Greater Bendigo,"6,053",105957.0,0,0,1,0,0,0,0,0,0
 Greater Dandenong,"12,486",148502.0,0,0,1,0,0,0,0,0,0
 Greater Geelong,"13,553",223357.0,0,0,1,0,0,0,0,0,0
 Greater Shepparton,"5,116",63244.0,0,0,1,0,0,0,0,0,0
 Hepburn,524,15022.0,0,0,1,0,0,0,0,0,0
 Hindmarsh,184,5852.0,0,0,1,0,0,0,0,0,0
 Hobsons Bay,"5,446",89188.0,0,0,1,0,0,0,0,0,0
 Horsham,"1,347",19694.0,0,0,1,0,0,0,0,0,0
 Hume,"12,030",184873.0,0,0,1,0,0,0,0,0,0
 Indigo,355,15605.0,0,0,1,0,0,0,0,0,0
 Kingston,"7,329",152336.0,0,0,1,0,0,0,0,0,0
 Knox,"6,923",156347.0,0,0,1,0,0,0,0,0,0
 Latrobe,"7,618",74124.0,0,0,1,0,0,0,0,0,0
 Loddon,264,7518.0,0,0,1,0,0,0,0,0,0
 Macedon Ranges,"1,389",44595.0,0,0,1,0,0,0,0,0,0
 Manningham,"3,112",118357.0,0,0,1,0,0,0,0,0,0
 Mansfield,293,8276.0,0,0,1,0,0,0,0,0,0
 Maribyrnong,"6,956",79782.0,0,0,1,0,0,0,0,0,0
 Maroondah,"5,497",109781.0,0,0,1,0,0,0,0,0,0
 Melbourne,"24,624",118711.0,0,0,1,0,0,0,0,0,0
 Melton,"6,828",123936.0,0,0,1,0,0,0,0,0,0
 Mildura,"4,535",53156.0,0,0,1,0,0,0,0,0,0
 Mitchell,"1,991",37788.0,0,0,1,0,0,0,0,0,0
 Moira,"1,177",28905.0,0,0,1,0,0,0,0,0,0
 Monash,"6,825",183255.0,0,0,1,0,0,0,0,0,0
 Moonee Valley,"6,248",115464.0,0,0,1,0,0,0,0,0,0
 Moorabool,"1,502",30410.0,0,0,1,0,0,0,0,0,0
 Moreland,"9,243",160282.0,0,0,1,0,0,0,0,0,0
 Mornington Peninsula,"7,518",154001.0,0,0,1,0,0,0,0,0,0
 Mount Alexander,624,18247.0,0,0,1,0,0,0,0,0,0
 Moyne,435,16431.0,0,0,1,0,0,0,0,0,0
 Murrindindi,535,13563.0,0,0,1,0,0,0,0,0,0
 Nillumbik,"1,600",63174.0,0,0,1,0,0,0,0,0,0
 Northern Grampians,683,11880.0,0,0,1,0,0,0,0,0,0
 Port Phillip,"8,779",102156.0,0,0,1,0,0,0,0,0,0
 Pyrenees,316,6938.0,0,0,1,0,0,0,0,0,0
 Queenscliffe,73,3002.0,0,0,1,0,0,0,0,0,0
 South Gippsland,895,28273.0,0,0,1,0,0,0,0,0,0
 Southern Grampians,883,16355.0,0,0,1,0,0,0,0,0,0
 Stonnington,"7,443",103487.0,0,0,1,0,0,0,0,0,0
 Strathbogie,373,9867.0,0,0,1,0,0,0,0,0,0
 Surf Coast,983,28228.0,0,0,1,0,0,0,0,0,0
 Swan Hill,"1,437",21003.0,0,0,1,0,0,0,0,0,0
 Towong,213,5961.0,0,0,1,0,0,0,0,0,0
 Wangaratta,"1,679",27650.0,0,0,1,0,0,0,0,0,0
 Warrnambool,"1,910",33423.0,0,0,1,0,0,0,0,0,0
 Wellington,"2,798",42721.0,0,0,1,0,0,0,0,0,0
 West Wimmera,121,4124.0,0,0,1,0,0,0,0,0,0
 Whitehorse,"5,801",162081.0,0,0,1,0,0,0,0,0,0
 Whittlesea,"9,986",179272.0,0,0,1,0,0,0,0,0,0
 Wodonga,"2,235",37575.0,0,0,1,0,0,0,0,0,0
 Wyndham,"9,941",190211.0,0,0,1,0,0,0,0,0,0
 Yarra,"9,204",83962.0,0,0,1,0,0,0,0,0,0
 Yarra Ranges,"5,053",150902.0,0,0,1,0,0,0,0,0,0
 Yarriambiack,215,7032.0,0,0,1,0,0,0,0,0,0
 Alpine,357,12429.0,0,0,0,1,0,0,0,0,0
 Ararat,910,11644.0,0,0,0,1,0,0,0,0,0
 Ballarat,"8,730",101479.0,0,0,0,1,0,0,0,0,0
 Banyule,"6,857",126088.0,0,0,0,1,0,0,0,0,0
 Bass Coast,"1,929",32576.0,0,0,0,1,0,0,0,0,0
 Baw Baw,"2,490",47837.0,0,0,0,1,0,0,0,0,0
 Bayside,"3,643",101268.0,0,0,0,1,0,0,0,0,0
 Benalla,810,13923.0,0,0,0,1,0,0,0,0,0
 Boroondara,"5,897",174753.0,0,0,0,1,0,0,0,0,0
 Brimbank,"14,821",200860.0,0,0,0,1,0,0,0,0,0
 Buloke,178,6306.0,0,0,0,1,0,0,0,0,0
 Campaspe,"2,332",37429.0,0,0,0,1,0,0,0,0,0
 Cardinia,"4,679",92298.0,0,0,0,1,0,0,0,0,0
 Casey,"15,157",299528.0,0,0,0,1,0,0,0,0,0
 Central Goldfields,846,12950.0,0,0,0,1,0,0,0,0,0
 Colac-Otway,"1,193",21230.0,0,0,0,1,0,0,0,0,0
 Corangamite,507,16274.0,0,0,0,1,0,0,0,0,0
 Darebin,"11,474",151974.0,0,0,0,1,0,0,0,0,0
 East Gippsland,"3,147",44868.0,0,0,0,1,0,0,0,0,0
 Frankston,"10,925",137790.0,0,0,0,1,0,0,0,0,0
 Gannawarra,456,10536.0,0,0,0,1,0,0,0,0,0
 Glen Eira,"5,141",145924.0,0,0,0,1,0,0,0,0,0
 Glenelg,"1,227",19722.0,0,0,0,1,0,0,0,0,0
 Golden Plains,543,21388.0,0,0,0,1,0,0,0,0,0
 Greater Bendigo,"6,349",109908.0,0,0,0,1,0,0,0,0,0
 Greater Dandenong,"13,515",156061.0,0,0,0,1,0,0,0,0,0
 Greater Geelong,"15,451",232926.0,0,0,0,1,0,0,0,0,0
 Greater Shepparton,"5,498",64489.0,0,0,0,1,0,0,0,0,0
 Hepburn,584,15334.0,0,0,0,1,0,0,0,0,0
 Hindmarsh,162,5808.0,0,0,0,1,0,0,0,0,0
 Hobsons Bay,"5,358",91674.0,0,0,0,1,0,0,0,0,0
 Horsham,"1,973",19792.0,0,0,0,1,0,0,0,0,0
 Hume,"14,882",198176.0,0,0,0,1,0,0,0,0,0
 Indigo,380,15922.0,0,0,0,1,0,0,0,0,0
 Kingston,"8,065",156244.0,0,0,0,1,0,0,0,0,0
 Knox,"7,355",158700.0,0,0,0,1,0,0,0,0,0
 Latrobe,"9,019",74266.0,0,0,0,1,0,0,0,0,0
 Loddon,313,7531.0,0,0,0,1,0,0,0,0,0
 Macedon Ranges,"1,518",46373.0,0,0,0,1,0,0,0,0,0
 Manningham,"3,354",120785.0,0,0,0,1,0,0,0,0,0
 Mansfield,339,8530.0,0,0,0,1,0,0,0,0,0
 Maribyrnong,"6,909",84783.0,0,0,0,1,0,0,0,0,0
 Maroondah,"5,792",113023.0,0,0,0,1,0,0,0,0,0
 Melbourne,"24,848",136872.0,0,0,0,1,0,0,0,0,0
 Melton,"8,376",134915.0,0,0,0,1,0,0,0,0,0
 Mildura,"4,680",54156.0,0,0,0,1,0,0,0,0,0
 Mitchell,"2,656",40264.0,0,0,0,1,0,0,0,0,0
 Moira,"1,104",29288.0,0,0,0,1,0,0,0,0,0
 Monash,"7,525",189174.0,0,0,0,1,0,0,0,0,0
 Moonee Valley,"6,957",120231.0,0,0,0,1,0,0,0,0,0
 Moorabool,"1,602",31748.0,0,0,0,1,0,0,0,0,0
 Moreland,"11,167",167870.0,0,0,0,1,0,0,0,0,0
 Mornington Peninsula,"8,134",158831.0,0,0,0,1,0,0,0,0,0
 Mount Alexander,720,18794.0,0,0,0,1,0,0,0,0,0
 Moyne,407,16591.0,0,0,0,1,0,0,0,0,0
 Murrindindi,509,13848.0,0,0,0,1,0,0,0,0,0
 Nillumbik,"1,941",63675.0,0,0,0,1,0,0,0,0,0
 Northern Grampians,811,11644.0,0,0,0,1,0,0,0,0,0
 Port Phillip,"9,807",106381.0,0,0,0,1,0,0,0,0,0
 Pyrenees,355,7179.0,0,0,0,1,0,0,0,0,0
 Queenscliffe,154,2933.0,0,0,0,1,0,0,0,0,0
 South Gippsland,907,28781.0,0,0,0,1,0,0,0,0,0
 Southern Grampians,799,16162.0,0,0,0,1,0,0,0,0,0
 Stonnington,"7,776",108028.0,0,0,0,1,0,0,0,0,0
 Strathbogie,359,10175.0,0,0,0,1,0,0,0,0,0
 Surf Coast,"1,160",29625.0,0,0,0,1,0,0,0,0,0
 Swan Hill,"1,615",20893.0,0,0,0,1,0,0,0,0,0
 Towong,167,6005.0,0,0,0,1,0,0,0,0,0
 Wangaratta,"1,629",28143.0,0,0,0,1,0,0,0,0,0
 Warrnambool,"2,157",34005.0,0,0,0,1,0,0,0,0,0
 Wellington,"2,965",43172.0,0,0,0,1,0,0,0,0,0
 West Wimmera,103,3974.0,0,0,0,1,0,0,0,0,0
 Whitehorse,"5,781",166679.0,0,0,0,1,0,0,0,0,0
 Whittlesea,"10,378",196847.0,0,0,0,1,0,0,0,0,0
 Wodonga,"2,617",39223.0,0,0,0,1,0,0,0,0,0
 Wyndham,"11,322",213815.0,0,0,0,1,0,0,0,0,0
 Yarra,"10,051",89923.0,0,0,0,1,0,0,0,0,0
 Yarra Ranges,"5,442",153391.0,0,0,0,1,0,0,0,0,0
 Yarriambiack,315,6826.0,0,0,0,1,0,0,0,0,0
 Alpine,357,12429.0,0,0,0,1,0,0,0,0,0
 Ararat,910,11644.0,0,0,0,1,0,0,0,0,0
 Ballarat,"8,730",101479.0,0,0,0,1,0,0,0,0,0
 Banyule,"6,857",126088.0,0,0,0,1,0,0,0,0,0
 Bass Coast,"1,929",32576.0,0,0,0,1,0,0,0,0,0
 Baw Baw,"2,490",47837.0,0,0,0,1,0,0,0,0,0
 Bayside,"3,643",101268.0,0,0,0,1,0,0,0,0,0
 Benalla,810,13923.0,0,0,0,1,0,0,0,0,0
 Boroondara,"5,897",174753.0,0,0,0,1,0,0,0,0,0
 Brimbank,"14,821",200860.0,0,0,0,1,0,0,0,0,0
 Buloke,178,6306.0,0,0,0,1,0,0,0,0,0
 Campaspe,"2,332",37429.0,0,0,0,1,0,0,0,0,0
 Cardinia,"4,679",92298.0,0,0,0,1,0,0,0,0,0
 Casey,"15,157",299528.0,0,0,0,1,0,0,0,0,0
 Central Goldfields,846,12950.0,0,0,0,1,0,0,0,0,0
 Colac-Otway,"1,193",21230.0,0,0,0,1,0,0,0,0,0
 Corangamite,507,16274.0,0,0,0,1,0,0,0,0,0
 Darebin,"11,474",151974.0,0,0,0,1,0,0,0,0,0
 East Gippsland,"3,147",44868.0,0,0,0,1,0,0,0,0,0
 Frankston,"10,925",137790.0,0,0,0,1,0,0,0,0,0
 Gannawarra,456,10536.0,0,0,0,1,0,0,0,0,0
 Glen Eira,"5,141",145924.0,0,0,0,1,0,0,0,0,0
 Glenelg,"1,227",19722.0,0,0,0,1,0,0,0,0,0
 Golden Plains,543,21388.0,0,0,0,1,0,0,0,0,0
 Greater Bendigo,"6,349",109908.0,0,0,0,1,0,0,0,0,0
 Greater Dandenong,"13,515",156061.0,0,0,0,1,0,0,0,0,0
 Greater Geelong,"15,451",232926.0,0,0,0,1,0,0,0,0,0
 Greater Shepparton,"5,498",64489.0,0,0,0,1,0,0,0,0,0
 Hepburn,584,15334.0,0,0,0,1,0,0,0,0,0
 Hindmarsh,162,5808.0,0,0,0,1,0,0,0,0,0
 Hobsons Bay,"5,358",91674.0,0,0,0,1,0,0,0,0,0
 Horsham,"1,973",19792.0,0,0,0,1,0,0,0,0,0
 Hume,"14,882",198176.0,0,0,0,1,0,0,0,0,0
 Indigo,380,15922.0,0,0,0,1,0,0,0,0,0
 Kingston,"8,065",156244.0,0,0,0,1,0,0,0,0,0
 Knox,"7,355",158700.0,0,0,0,1,0,0,0,0,0
 Latrobe,"9,019",74266.0,0,0,0,1,0,0,0,0,0
 Loddon,313,7531.0,0,0,0,1,0,0,0,0,0
 Macedon Ranges,"1,518",46373.0,0,0,0,1,0,0,0,0,0
 Manningham,"3,354",120785.0,0,0,0,1,0,0,0,0,0
 Mansfield,339,8530.0,0,0,0,1,0,0,0,0,0
 Maribyrnong,"6,909",84783.0,0,0,0,1,0,0,0,0,0
 Maroondah,"5,792",113023.0,0,0,0,1,0,0,0,0,0
 Melbourne,"24,848",136872.0,0,0,0,1,0,0,0,0,0
 Melton,"8,376",134915.0,0,0,0,1,0,0,0,0,0
 Mildura,"4,680",54156.0,0,0,0,1,0,0,0,0,0
 Mitchell,"2,656",40264.0,0,0,0,1,0,0,0,0,0
 Moira,"1,104",29288.0,0,0,0,1,0,0,0,0,0
 Monash,"7,525",189174.0,0,0,0,1,0,0,0,0,0
 Moonee Valley,"6,957",120231.0,0,0,0,1,0,0,0,0,0
 Moorabool,"1,602",31748.0,0,0,0,1,0,0,0,0,0
 Moreland,"11,167",167870.0,0,0,0,1,0,0,0,0,0
 Mornington Peninsula,"8,134",158831.0,0,0,0,1,0,0,0,0,0
 Mount Alexander,720,18794.0,0,0,0,1,0,0,0,0,0
 Moyne,407,16591.0,0,0,0,1,0,0,0,0,0
 Murrindindi,509,13848.0,0,0,0,1,0,0,0,0,0
 Nillumbik,"1,941",63675.0,0,0,0,1,0,0,0,0,0
 Northern Grampians,811,11644.0,0,0,0,1,0,0,0,0,0
 Port Phillip,"9,807",106381.0,0,0,0,1,0,0,0,0,0
 Pyrenees,355,7179.0,0,0,0,1,0,0,0,0,0
 Queenscliffe,154,2933.0,0,0,0,1,0,0,0,0,0
 South Gippsland,907,28781.0,0,0,0,1,0,0,0,0,0
 Southern Grampians,799,16162.0,0,0,0,1,0,0,0,0,0
 Stonnington,"7,776",108028.0,0,0,0,1,0,0,0,0,0
 Strathbogie,359,10175.0,0,0,0,1,0,0,0,0,0
 Surf Coast,"1,160",29625.0,0,0,0,1,0,0,0,0,0
 Swan Hill,"1,615",20893.0,0,0,0,1,0,0,0,0,0
 Towong,167,6005.0,0,0,0,1,0,0,0,0,0
 Wangaratta,"1,629",28143.0,0,0,0,1,0,0,0,0,0
 Warrnambool,"2,157",34005.0,0,0,0,1,0,0,0,0,0
 Wellington,"2,965",43172.0,0,0,0,1,0,0,0,0,0
 West Wimmera,103,3974.0,0,0,0,1,0,0,0,0,0
 Whitehorse,"5,781",166679.0,0,0,0,1,0,0,0,0,0
 Whittlesea,"10,378",196847.0,0,0,0,1,0,0,0,0,0
 Wodonga,"2,617",39223.0,0,0,0,1,0,0,0,0,0
 Wyndham,"11,322",213815.0,0,0,0,1,0,0,0,0,0
 Yarra,"10,051",89923.0,0,0,0,1,0,0,0,0,0
 Yarra Ranges,"5,442",153391.0,0,0,0,1,0,0,0,0,0
 Yarriambiack,315,6826.0,0,0,0,1,0,0,0,0,0
 Alpine,267,12578.0,0,0,0,0,1,0,0,0,0
 Ararat,867,11745.0,0,0,0,0,1,0,0,0,0
 Ballarat,"9,475",103500.0,0,0,0,0,1,0,0,0,0
 Banyule,"7,482",127447.0,0,0,0,0,1,0,0,0,0
 Bass Coast,"2,070",33464.0,0,0,0,0,1,0,0,0,0
 Baw Baw,"2,921",49296.0,0,0,0,0,1,0,0,0,0
 Bayside,"4,207",102912.0,0,0,0,0,1,0,0,0,0
 Benalla,"1,019",13982.0,0,0,0,0,1,0,0,0,0
 Boroondara,"7,061",177276.0,0,0,0,0,1,0,0,0,0
 Brimbank,"15,099",204190.0,0,0,0,0,1,0,0,0,0
 Buloke,169,6284.0,0,0,0,0,1,0,0,0,0
 Campaspe,"2,815",37595.0,0,0,0,0,1,0,0,0,0
 Cardinia,"5,383",97573.0,0,0,0,0,1,0,0,0,0
 Casey,"18,201",312789.0,0,0,0,0,1,0,0,0,0
 Central Goldfields,"1,013",13087.0,0,0,0,0,1,0,0,0,0
 Colac-Otway,"1,445",21362.0,0,0,0,0,1,0,0,0,0
 Corangamite,733,16243.0,0,0,0,0,1,0,0,0,0
 Darebin,"13,227",155126.0,0,0,0,0,1,0,0,0,0
 East Gippsland,"3,096",45600.0,0,0,0,0,1,0,0,0,0
 Frankston,"12,487",139502.0,0,0,0,0,1,0,0,0,0
 Gannawarra,491,10567.0,0,0,0,0,1,0,0,0,0
 Glen Eira,"5,675",148583.0,0,0,0,0,1,0,0,0,0
 Glenelg,"1,374",19759.0,0,0,0,0,1,0,0,0,0
 Golden Plains,646,22016.0,0,0,0,0,1,0,0,0,0
 Greater Bendigo,"7,933",112267.0,0,0,0,0,1,0,0,0,0
 Greater Dandenong,"15,470",160222.0,0,0,0,0,1,0,0,0,0
 Greater Geelong,"18,628",239529.0,0,0,0,0,1,0,0,0,0
 Greater Shepparton,"6,329",65072.0,0,0,0,0,1,0,0,0,0
 Hepburn,729,15525.0,0,0,0,0,1,0,0,0,0
 Hindmarsh,235,5784.0,0,0,0,0,1,0,0,0,0
 Hobsons Bay,"5,340",93445.0,0,0,0,0,1,0,0,0,0
 Horsham,"1,880",19884.0,0,0,0,0,1,0,0,0,0
 Hume,"17,663",207041.0,0,0,0,0,1,0,0,0,0
 Indigo,319,16165.0,0,0,0,0,1,0,0,0,0
 Kingston,"8,656",158941.0,0,0,0,0,1,0,0,0,0
 Knox,"9,168",160353.0,0,0,0,0,1,0,0,0,0
 Latrobe,"10,450",74622.0,0,0,0,0,1,0,0,0,0
 Loddon,382,7558.0,0,0,0,0,1,0,0,0,0
 Macedon Ranges,"1,646",47480.0,0,0,0,0,1,0,0,0,0
 Manningham,"3,961",122570.0,0,0,0,0,1,0,0,0,0
 Mansfield,481,8674.0,0,0,0,0,1,0,0,0,0
 Maribyrnong,"7,190",86942.0,0,0,0,0,1,0,0,0,0
 Maroondah,"6,768",114800.0,0,0,0,0,1,0,0,0,0
 Melbourne,"28,254",146096.0,0,0,0,0,1,0,0,0,0
 Melton,"9,066",141420.0,0,0,0,0,1,0,0,0,0
 Mildura,"5,091",54658.0,0,0,0,0,1,0,0,0,0
 Mitchell,"3,228",41795.0,0,0,0,0,1,0,0,0,0
 Moira,"1,369",29486.0,0,0,0,0,1,0,0,0,0
 Monash,"8,962",192625.0,0,0,0,0,1,0,0,0,0
 Moonee Valley,"7,741",122871.0,0,0,0,0,1,0,0,0,0
 Moorabool,"2,005",32672.0,0,0,0,0,1,0,0,0,0
 Moreland,"12,121",172294.0,0,0,0,0,1,0,0,0,0
 Mornington Peninsula,"9,116",161528.0,0,0,0,0,1,0,0,0,0
 Mount Alexander,951,19097.0,0,0,0,0,1,0,0,0,0
 Moyne,491,16737.0,0,0,0,0,1,0,0,0,0
 Murrindindi,547,14052.0,0,0,0,0,1,0,0,0,0
 Nillumbik,"2,264",64174.0,0,0,0,0,1,0,0,0,0
 Northern Grampians,936,11570.0,0,0,0,0,1,0,0,0,0
 Port Phillip,"10,487",108627.0,0,0,0,0,1,0,0,0,0
 Pyrenees,391,7316.0,0,0,0,0,1,0,0,0,0
 Queenscliffe,124,2929.0,0,0,0,0,1,0,0,0,0
 South Gippsland,"1,139",29122.0,0,0,0,0,1,0,0,0,0
 Southern Grampians,987,16123.0,0,0,0,0,1,0,0,0,0
 Stonnington,"9,177",111003.0,0,0,0,0,1,0,0,0,0
 Strathbogie,479,10357.0,0,0,0,0,1,0,0,0,0
 Surf Coast,"1,093",30465.0,0,0,0,0,1,0,0,0,0
 Swan Hill,"1,735",20896.0,0,0,0,0,1,0,0,0,0
 Towong,176,6046.0,0,0,0,0,1,0,0,0,0
 Wangaratta,"1,811",28592.0,0,0,0,0,1,0,0,0,0
 Warrnambool,"2,492",34242.0,0,0,0,0,1,0,0,0,0
 Wellington,"3,318",43530.0,0,0,0,0,1,0,0,0,0
 West Wimmera,108,3937.0,0,0,0,0,1,0,0,0,0
 Whitehorse,"6,354",169641.0,0,0,0,0,1,0,0,0,0
 Whittlesea,"13,079",207058.0,0,0,0,0,1,0,0,0,0
 Wodonga,"2,496",40100.0,0,0,0,0,1,0,0,0,0
 Wyndham,"12,370",227008.0,0,0,0,0,1,0,0,0,0
 Yarra,"11,293",92894.0,0,0,0,0,1,0,0,0,0
 Yarra Ranges,"6,453",155226.0,0,0,0,0,1,0,0,0,0
 Yarriambiack,330,6743.0,0,0,0,0,1,0,0,0,0
 Alpine,310,12638.0,0,0,0,0,0,1,0,0,0
 Ararat,912,11756.0,0,0,0,0,0,1,0,0,0
 Ballarat,"8,958",105422.0,0,0,0,0,0,1,0,0,0
 Banyule,"7,434",129115.0,0,0,0,0,0,1,0,0,0
 Bass Coast,"1,936",34386.0,0,0,0,0,0,1,0,0,0
 Baw Baw,"2,766",50676.0,0,0,0,0,0,1,0,0,0
 Bayside,"3,831",104282.0,0,0,0,0,0,1,0,0,0
 Benalla,976,13974.0,0,0,0,0,0,1,0,0,0
 Boroondara,"5,741",179677.0,0,0,0,0,0,1,0,0,0
 Brimbank,"13,247",206997.0,0,0,0,0,0,1,0,0,0
 Buloke,158,6205.0,0,0,0,0,0,1,0,0,0
 Campaspe,"2,505",37597.0,0,0,0,0,0,1,0,0,0
 Cardinia,"4,350",102403.0,0,0,0,0,0,1,0,0,0
 Casey,"15,066",326771.0,0,0,0,0,0,1,0,0,0
 Central Goldfields,859,13148.0,0,0,0,0,0,1,0,0,0
 Colac-Otway,"1,381",21430.0,0,0,0,0,0,1,0,0,0
 Corangamite,709,16210.0,0,0,0,0,0,1,0,0,0
 Darebin,"11,445",158751.0,0,0,0,0,0,1,0,0,0
 East Gippsland,"2,973",46136.0,0,0,0,0,0,1,0,0,0
 Frankston,"10,703",140718.0,0,0,0,0,0,1,0,0,0
 Gannawarra,444,10569.0,0,0,0,0,0,1,0,0,0
 Glen Eira,"5,349",151457.0,0,0,0,0,0,1,0,0,0
 Glenelg,"1,243",19692.0,0,0,0,0,0,1,0,0,0
 Golden Plains,499,22568.0,0,0,0,0,0,1,0,0,0
 Greater Bendigo,"7,200",114091.0,0,0,0,0,0,1,0,0,0
 Greater Dandenong,"13,669",163518.0,0,0,0,0,0,1,0,0,0
 Greater Geelong,"17,116",245728.0,0,0,0,0,0,1,0,0,0
 Greater Shepparton,"5,940",65554.0,0,0,0,0,0,1,0,0,0
 Hepburn,660,15629.0,0,0,0,0,0,1,0,0,0
 Hindmarsh,278,5718.0,0,0,0,0,0,1,0,0,0
 Hobsons Bay,"4,908",95071.0,0,0,0,0,0,1,0,0,0
 Horsham,"1,575",19885.0,0,0,0,0,0,1,0,0,0
 Hume,"15,048",215238.0,0,0,0,0,0,1,0,0,0
 Indigo,377,16333.0,0,0,0,0,0,1,0,0,0
 Kingston,"7,696",161051.0,0,0,0,0,0,1,0,0,0
 Knox,"8,432",161827.0,0,0,0,0,0,1,0,0,0
 Latrobe,"9,282",74908.0,0,0,0,0,0,1,0,0,0
 Loddon,295,7507.0,0,0,0,0,0,1,0,0,0
 Macedon Ranges,"1,600",48422.0,0,0,0,0,0,1,0,0,0
 Manningham,"3,699",124270.0,0,0,0,0,0,1,0,0,0
 Mansfield,494,8796.0,0,0,0,0,0,1,0,0,0
 Maribyrnong,"6,466",89362.0,0,0,0,0,0,1,0,0,0
 Maroondah,"6,300",116321.0,0,0,0,0,0,1,0,0,0
 Melbourne,"26,518",159141.0,0,0,0,0,0,1,0,0,0
 Melton,"8,049",148618.0,0,0,0,0,0,1,0,0,0
 Mildura,"4,804",55142.0,0,0,0,0,0,1,0,0,0
 Mitchell,"3,059",42903.0,0,0,0,0,0,1,0,0,0
 Moira,"1,450",29652.0,0,0,0,0,0,1,0,0,0
 Monash,"8,175",196922.0,0,0,0,0,0,1,0,0,0
 Moonee Valley,"6,668",125411.0,0,0,0,0,0,1,0,0,0
 Moorabool,"1,737",33442.0,0,0,0,0,0,1,0,0,0
 Moreland,"10,525",176974.0,0,0,0,0,0,1,0,0,0
 Mornington Peninsula,"8,463",163834.0,0,0,0,0,0,1,0,0,0
 Mount Alexander,767,19297.0,0,0,0,0,0,1,0,0,0
 Moyne,465,16793.0,0,0,0,0,0,1,0,0,0
 Murrindindi,546,14234.0,0,0,0,0,0,1,0,0,0
 Nillumbik,"1,845",64618.0,0,0,0,0,0,1,0,0,0
 Northern Grampians,842,11517.0,0,0,0,0,0,1,0,0,0
 Port Phillip,"9,689",110656.0,0,0,0,0,0,1,0,0,0
 Pyrenees,357,7358.0,0,0,0,0,0,1,0,0,0
 Queenscliffe,126,2959.0,0,0,0,0,0,1,0,0,0
 South Gippsland,"1,004",29321.0,0,0,0,0,0,1,0,0,0
 Southern Grampians,984,16123.0,0,0,0,0,0,1,0,0,0
 Stonnington,"7,895",113772.0,0,0,0,0,0,1,0,0,0
 Strathbogie,438,10484.0,0,0,0,0,0,1,0,0,0
 Surf Coast,996,31347.0,0,0,0,0,0,1,0,0,0
 Swan Hill,"1,773",20847.0,0,0,0,0,0,1,0,0,0
 Towong,174,6039.0,0,0,0,0,0,1,0,0,0
 Wangaratta,"1,780",28853.0,0,0,0,0,0,1,0,0,0
 Warrnambool,"2,650",34569.0,0,0,0,0,0,1,0,0,0
 Wellington,"2,722",43801.0,0,0,0,0,0,1,0,0,0
 West Wimmera,126,3894.0,0,0,0,0,0,1,0,0,0
 Whitehorse,"6,513",173263.0,0,0,0,0,0,1,0,0,0
 Whittlesea,"11,342",215686.0,0,0,0,0,0,1,0,0,0
 Wodonga,"2,423",40812.0,0,0,0,0,0,1,0,0,0
 Wyndham,"10,855",241071.0,0,0,0,0,0,1,0,0,0
 Yarra,"10,562",95994.0,0,0,0,0,0,1,0,0,0
 Yarra Ranges,"5,720",156869.0,0,0,0,0,0,1,0,0,0
 Yarriambiack,355,6684.0,0,0,0,0,0,1,0,0,0
 Alpine,393,12730.0,0,0,0,0,0,0,1,0,0
 Ararat,900,11795.0,0,0,0,0,0,0,1,0,0
 Ballarat,"8,054",107324.0,0,0,0,0,0,0,1,0,0
 Banyule,"7,167",130250.0,0,0,0,0,0,0,1,0,0
 Bass Coast,"1,661",35326.0,0,0,0,0,0,0,1,0,0
 Baw Baw,"3,165",52012.0,0,0,0,0,0,0,1,0,0
 Bayside,"3,697",105745.0,0,0,0,0,0,0,1,0,0
 Benalla,874,14023.0,0,0,0,0,0,0,1,0,0
 Boroondara,"5,603",181376.0,0,0,0,0,0,0,1,0,0
 Brimbank,"14,573",208744.0,0,0,0,0,0,0,1,0,0
 Buloke,182,6183.0,0,0,0,0,0,0,1,0,0
 Campaspe,"2,841",37590.0,0,0,0,0,0,0,1,0,0
 Cardinia,"4,571",107117.0,0,0,0,0,0,0,1,0,0
 Casey,"15,895",340443.0,0,0,0,0,0,0,1,0,0
 Central Goldfields,970,13208.0,0,0,0,0,0,0,1,0,0
 Colac-Otway,"1,269",21502.0,0,0,0,0,0,0,1,0,0
 Corangamite,539,16139.0,0,0,0,0,0,0,1,0,0
 Darebin,"11,606",161653.0,0,0,0,0,0,0,1,0,0
 East Gippsland,"3,171",46816.0,0,0,0,0,0,0,1,0,0
 Frankston,"11,298",141847.0,0,0,0,0,0,0,1,0,0
 Gannawarra,519,10546.0,0,0,0,0,0,0,1,0,0
 Glen Eira,"4,975",153920.0,0,0,0,0,0,0,1,0,0
 Glenelg,"1,030",19664.0,0,0,0,0,0,0,1,0,0
 Golden Plains,509,23118.0,0,0,0,0,0,0,1,0,0
 Greater Bendigo,"7,734",116041.0,0,0,0,0,0,0,1,0,0
 Greater Dandenong,"14,078",166140.0,0,0,0,0,0,0,1,0,0
 Greater Geelong,"16,013",252229.0,0,0,0,0,0,0,1,0,0
 Greater Shepparton,"6,196",66008.0,0,0,0,0,0,0,1,0,0
 Hepburn,602,15812.0,0,0,0,0,0,0,1,0,0
 Hindmarsh,255,5644.0,0,0,0,0,0,0,1,0,0
 Hobsons Bay,"4,813",96481.0,0,0,0,0,0,0,1,0,0
 Horsham,"1,575",19874.0,0,0,0,0,0,0,1,0,0
 Hume,"15,544",224423.0,0,0,0,0,0,0,1,0,0
 Indigo,342,16489.0,0,0,0,0,0,0,1,0,0
 Kingston,"8,532",163452.0,0,0,0,0,0,0,1,0,0
 Knox,"8,075",163212.0,0,0,0,0,0,0,1,0,0
 Latrobe,"9,908",75209.0,0,0,0,0,0,0,1,0,0
 Loddon,390,7513.0,0,0,0,0,0,0,1,0,0
 Macedon Ranges,"1,660",49387.0,0,0,0,0,0,0,1,0,0
 Manningham,"3,347",125535.0,0,0,0,0,0,0,1,0,0
 Mansfield,333,8979.0,0,0,0,0,0,0,1,0,0
 Maribyrnong,"6,938",91413.0,0,0,0,0,0,0,1,0,0
 Maroondah,"5,913",117505.0,0,0,0,0,0,0,1,0,0
 Melbourne,"26,893",170317.0,0,0,0,0,0,0,1,0,0
 Melton,"8,053",156718.0,0,0,0,0,0,0,1,0,0
 Mildura,"5,547",55516.0,0,0,0,0,0,0,1,0,0
 Mitchell,"2,998",44298.0,0,0,0,0,0,0,1,0,0
 Moira,"1,566",29797.0,0,0,0,0,0,0,1,0,0
 Monash,"8,231",200212.0,0,0,0,0,0,0,1,0,0
 Moonee Valley,"6,684",127906.0,0,0,0,0,0,0,1,0,0
 Moorabool,"1,764",34156.0,0,0,0,0,0,0,1,0,0
 Moreland,"11,611",181780.0,0,0,0,0,0,0,1,0,0
 Mornington Peninsula,"8,136",165823.0,0,0,0,0,0,0,1,0,0
 Mount Alexander,691,19514.0,0,0,0,0,0,0,1,0,0
 Moyne,428,16887.0,0,0,0,0,0,0,1,0,0
 Murrindindi,571,14478.0,0,0,0,0,0,0,1,0,0
 Nillumbik,"1,645",64941.0,0,0,0,0,0,0,1,0,0
 Northern Grampians,764,11430.0,0,0,0,0,0,0,1,0,0
 Port Phillip,"9,958",113265.0,0,0,0,0,0,0,1,0,0
 Pyrenees,340,7353.0,0,0,0,0,0,0,1,0,0
 Queenscliffe,101,2982.0,0,0,0,0,0,0,1,0,0
 South Gippsland,"1,023",29575.0,0,0,0,0,0,0,1,0,0
 Southern Grampians,"1,111",16134.0,0,0,0,0,0,0,1,0,0
 Stonnington,"8,338",116281.0,0,0,0,0,0,0,1,0,0
 Strathbogie,440,10644.0,0,0,0,0,0,0,1,0,0
 Surf Coast,878,32252.0,0,0,0,0,0,0,1,0,0
 Swan Hill,"1,781",20760.0,0,0,0,0,0,0,1,0,0
 Towong,178,6054.0,0,0,0,0,0,0,1,0,0
 Wangaratta,"1,740",29086.0,0,0,0,0,0,0,1,0,0
 Warrnambool,"2,907",34863.0,0,0,0,0,0,0,1,0,0
 Wellington,"2,824",44017.0,0,0,0,0,0,0,1,0,0
 West Wimmera,128,3862.0,0,0,0,0,0,0,1,0,0
 Whitehorse,"6,251",176273.0,0,0,0,0,0,0,1,0,0
 Whittlesea,"11,777",223347.0,0,0,0,0,0,0,1,0,0
 Wodonga,"2,385",41429.0,0,0,0,0,0,0,1,0,0
 Wyndham,"11,290",255367.0,0,0,0,0,0,0,1,0,0
 Yarra,"11,314",98567.0,0,0,0,0,0,0,1,0,0
 Yarra Ranges,"5,541",158171.0,0,0,0,0,0,0,1,0,0
 Yarriambiack,335,6658.0,0,0,0,0,0,0,1,0,0
 Alpine,426,12812.0,0,0,0,0,0,0,0,1,0
 Ararat,853,11844.0,0,0,0,0,0,0,0,1,0
 Ballarat,"8,931",109504.0,0,0,0,0,0,0,0,1,0
 Banyule,"7,047",131640.0,0,0,0,0,0,0,0,1,0
 Bass Coast,"1,836",36315.0,0,0,0,0,0,0,0,1,0
 Baw Baw,"3,606",53394.0,0,0,0,0,0,0,0,1,0
 Bayside,"4,016",106856.0,0,0,0,0,0,0,0,1,0
 Benalla,961,14034.0,0,0,0,0,0,0,0,1,0
 Boroondara,"6,177",183197.0,0,0,0,0,0,0,0,1,0
 Brimbank,"15,153",209568.0,0,0,0,0,0,0,0,1,0
 Buloke,242,6123.0,0,0,0,0,0,0,0,1,0
 Campaspe,"2,918",37615.0,0,0,0,0,0,0,0,1,0
 Cardinia,"5,257",112179.0,0,0,0,0,0,0,0,1,0
 Casey,"16,646",353962.0,0,0,0,0,0,0,0,1,0
 Central Goldfields,892,13182.0,0,0,0,0,0,0,0,1,0
 Colac-Otway,"1,287",21562.0,0,0,0,0,0,0,0,1,0
 Corangamite,524,16017.0,0,0,0,0,0,0,0,1,0
 Darebin,"11,420",164224.0,0,0,0,0,0,0,0,1,0
 East Gippsland,"3,645",47308.0,0,0,0,0,0,0,0,1,0
 Frankston,"11,037",142645.0,0,0,0,0,0,0,0,1,0
 Gannawarra,630,10469.0,0,0,0,0,0,0,0,1,0
 Glen Eira,"5,698",156535.0,0,0,0,0,0,0,0,1,0
 Glenelg,"1,081",19671.0,0,0,0,0,0,0,0,1,0
 Golden Plains,485,23722.0,0,0,0,0,0,0,0,1,0
 Greater Bendigo,"8,439",118091.0,0,0,0,0,0,0,0,1,0
 Greater Dandenong,"14,695",168261.0,0,0,0,0,0,0,0,1,0
 Greater Geelong,"16,494",258938.0,0,0,0,0,0,0,0,1,0
 Greater Shepparton,"6,349",66501.0,0,0,0,0,0,0,0,1,0
 Hepburn,724,15973.0,0,0,0,0,0,0,0,1,0
 Hindmarsh,229,5586.0,0,0,0,0,0,0,0,1,0
 Hobsons Bay,"4,999",97765.0,0,0,0,0,0,0,0,1,0
 Horsham,"1,320",19920.0,0,0,0,0,0,0,0,1,0
 Hume,"15,879",233545.0,0,0,0,0,0,0,0,1,0
 Indigo,434,16699.0,0,0,0,0,0,0,0,1,0
 Kingston,"8,921",165804.0,0,0,0,0,0,0,0,1,0
 Knox,"8,792",164553.0,0,0,0,0,0,0,0,1,0
 Latrobe,"10,104",75553.0,0,0,0,0,0,0,0,1,0
 Loddon,373,7502.0,0,0,0,0,0,0,0,1,0
 Macedon Ranges,"1,744",50230.0,0,0,0,0,0,0,0,1,0
 Manningham,"3,824",127585.0,0,0,0,0,0,0,0,1,0
 Mansfield,315,9175.0,0,0,0,0,0,0,0,1,0
 Maribyrnong,"6,909",93482.0,0,0,0,0,0,0,0,1,0
 Maroondah,"5,996",118569.0,0,0,0,0,0,0,0,1,0
 Melbourne,"26,971",178994.0,0,0,0,0,0,0,0,1,0
 Melton,"9,080",164936.0,0,0,0,0,0,0,0,1,0
 Mildura,"5,553",55779.0,0,0,0,0,0,0,0,1,0
 Mitchell,"3,141",46087.0,0,0,0,0,0,0,0,1,0
 Moira,"1,939",29920.0,0,0,0,0,0,0,0,1,0
 Monash,"9,072",202896.0,0,0,0,0,0,0,0,1,0
 Moonee Valley,"6,476",130313.0,0,0,0,0,0,0,0,1,0
 Moorabool,"1,597",35051.0,0,0,0,0,0,0,0,1,0
 Moreland,"10,845",185811.0,0,0,0,0,0,0,0,1,0
 Mornington Peninsula,"8,658",167619.0,0,0,0,0,0,0,0,1,0
 Mount Alexander,911,19751.0,0,0,0,0,0,0,0,1,0
 Moyne,506,16952.0,0,0,0,0,0,0,0,1,0
 Murrindindi,604,14568.0,0,0,0,0,0,0,0,1,0
 Nillumbik,"1,655",65099.0,0,0,0,0,0,0,0,1,0
 Northern Grampians,764,11401.0,0,0,0,0,0,0,0,1,0
 Port Phillip,"9,806",115620.0,0,0,0,0,0,0,0,1,0
 Pyrenees,411,7470.0,0,0,0,0,0,0,0,1,0
 Queenscliffe,105,2939.0,0,0,0,0,0,0,0,1,0
 South Gippsland,"1,314",29910.0,0,0,0,0,0,0,0,1,0
 Southern Grampians,945,16098.0,0,0,0,0,0,0,0,1,0
 Stonnington,"9,054",117776.0,0,0,0,0,0,0,0,1,0
 Strathbogie,447,10778.0,0,0,0,0,0,0,0,1,0
 Surf Coast,"1,003",33457.0,0,0,0,0,0,0,0,1,0
 Swan Hill,"1,872",20650.0,0,0,0,0,0,0,0,1,0
 Towong,149,6039.0,0,0,0,0,0,0,0,1,0
 Wangaratta,"1,764",29184.0,0,0,0,0,0,0,0,1,0
 Warrnambool,"2,604",35181.0,0,0,0,0,0,0,0,1,0
 Wellington,"3,274",44378.0,0,0,0,0,0,0,0,1,0
 West Wimmera,130,3839.0,0,0,0,0,0,0,0,1,0
 Whitehorse,"7,272",178779.0,0,0,0,0,0,0,0,1,0
 Whittlesea,"12,068",230297.0,0,0,0,0,0,0,0,1,0
 Wodonga,"2,793",42083.0,0,0,0,0,0,0,0,1,0
 Wyndham,"13,220",270607.0,0,0,0,0,0,0,0,1,0
 Yarra,"11,074",101516.0,0,0,0,0,0,0,0,1,0
 Yarra Ranges,"6,163",159474.0,0,0,0,0,0,0,0,1,0
 Yarriambiack,298,6637.0,0,0,0,0,0,0,0,1,0
 Alpine,413,12973.0,0,0,0,0,0,0,0,0,1
 Ararat,"1,104",11965.0,0,0,0,0,0,0,0,0,1
 Ballarat,"7,383",111361.0,0,0,0,0,0,0,0,0,1
 Banyule,"6,717",131940.0,0,0,0,0,0,0,0,0,1
 Bass Coast,"2,053",37445.0,0,0,0,0,0,0,0,0,1
 Baw Baw,"3,690",54884.0,0,0,0,0,0,0,0,0,1
 Bayside,"4,138",107541.0,0,0,0,0,0,0,0,0,1
 Benalla,996,14137.0,0,0,0,0,0,0,0,0,1
 Boroondara,"6,252",183023.0,0,0,0,0,0,0,0,0,1
 Brimbank,"15,399",208247.0,0,0,0,0,0,0,0,0,1
 Buloke,284,6101.0,0,0,0,0,0,0,0,0,1
 Campaspe,"2,500",37675.0,0,0,0,0,0,0,0,0,1
 Cardinia,"5,844",116193.0,0,0,0,0,0,0,0,0,1
 Casey,"17,296",364600.0,0,0,0,0,0,0,0,0,1
 Central Goldfields,809,13092.0,0,0,0,0,0,0,0,0,1
 Colac-Otway,"1,364",21662.0,0,0,0,0,0,0,0,0,1
 Corangamite,651,15929.0,0,0,0,0,0,0,0,0,1
 Darebin,"12,046",166430.0,0,0,0,0,0,0,0,0,1
 East Gippsland,"3,686",47725.0,0,0,0,0,0,0,0,0,1
 Frankston,"10,822",143338.0,0,0,0,0,0,0,0,0,1
 Gannawarra,685,10400.0,0,0,0,0,0,0,0,0,1
 Glen Eira,"6,277",158216.0,0,0,0,0,0,0,0,0,1
 Glenelg,"1,084",19621.0,0,0,0,0,0,0,0,0,1
 Golden Plains,448,24249.0,0,0,0,0,0,0,0,0,1
 Greater Bendigo,"8,121",119980.0,0,0,0,0,0,0,0,0,1
 Greater Dandenong,"15,005",168362.0,0,0,0,0,0,0,0,0,1
 Greater Geelong,"16,605",264866.0,0,0,0,0,0,0,0,0,1
 Greater Shepparton,"6,036",67070.0,0,0,0,0,0,0,0,0,1
 Hepburn,563,16157.0,0,0,0,0,0,0,0,0,1
 Hindmarsh,313,5592.0,0,0,0,0,0,0,0,0,1
 Hobsons Bay,"4,497",98189.0,0,0,0,0,0,0,0,0,1
 Horsham,"1,484",20018.0,0,0,0,0,0,0,0,0,1
 Hume,"16,216",241188.0,0,0,0,0,0,0,0,0,1
 Indigo,446,16885.0,0,0,0,0,0,0,0,0,1
 Kingston,"8,640",167293.0,0,0,0,0,0,0,0,0,1
 Knox,"8,756",165147.0,0,0,0,0,0,0,0,0,1
 Latrobe,"9,646",75915.0,0,0,0,0,0,0,0,0,1
 Loddon,394,7473.0,0,0,0,0,0,0,0,0,1
 Macedon Ranges,"1,918",50971.0,0,0,0,0,0,0,0,0,1
 Manningham,"3,439",128929.0,0,0,0,0,0,0,0,0,1
 Mansfield,372,9474.0,0,0,0,0,0,0,0,0,1
 Maribyrnong,"7,342",94982.0,0,0,0,0,0,0,0,0,1
 Maroondah,"5,777",119401.0,0,0,0,0,0,0,0,0,1
 Melbourne,"26,850",183756.0,0,0,0,0,0,0,0,0,1
 Melton,"10,113",172500.0,0,0,0,0,0,0,0,0,1
 Mildura,"4,667",55937.0,0,0,0,0,0,0,0,0,1
 Mitchell,"3,227",47647.0,0,0,0,0,0,0,0,0,1
 Moira,"1,604",30018.0,0,0,0,0,0,0,0,0,1
 Monash,"9,916",204936.0,0,0,0,0,0,0,0,0,1
 Moonee Valley,"6,463",131753.0,0,0,0,0,0,0,0,0,1
 Moorabool,"2,050",36013.0,0,0,0,0,0,0,0,0,1
 Moreland,"10,829",188762.0,0,0,0,0,0,0,0,0,1
 Mornington Peninsula,"8,134",168862.0,0,0,0,0,0,0,0,0,1
 Mount Alexander,763,20001.0,0,0,0,0,0,0,0,0,1
 Moyne,535,17027.0,0,0,0,0,0,0,0,0,1
 Murrindindi,657,14661.0,0,0,0,0,0,0,0,0,1
 Nillumbik,"1,632",65219.0,0,0,0,0,0,0,0,0,1
 Northern Grampians,836,11403.0,0,0,0,0,0,0,0,0,1
 Port Phillip,"10,319",116476.0,0,0,0,0,0,0,0,0,1
 Pyrenees,371,7555.0,0,0,0,0,0,0,0,0,1
 Queenscliffe,100,3008.0,0,0,0,0,0,0,0,0,1
 South Gippsland,"1,260",30248.0,0,0,0,0,0,0,0,0,1
 Southern Grampians,833,16134.0,0,0,0,0,0,0,0,0,1
 Stonnington,"9,077",118614.0,0,0,0,0,0,0,0,0,1
 Strathbogie,483,10992.0,0,0,0,0,0,0,0,0,1
 Surf Coast,"1,200",34771.0,0,0,0,0,0,0,0,0,1
 Swan Hill,"1,819",20534.0,0,0,0,0,0,0,0,0,1
 Towong,158,6102.0,0,0,0,0,0,0,0,0,1
 Wangaratta,"1,652",29197.0,0,0,0,0,0,0,0,0,1
 Warrnambool,"2,323",35533.0,0,0,0,0,0,0,0,0,1
 Wellington,"3,325",44770.0,0,0,0,0,0,0,0,0,1
 West Wimmera,132,3810.0,0,0,0,0,0,0,0,0,1
 Whitehorse,"7,223",180735.0,0,0,0,0,0,0,0,0,1
 Whittlesea,"12,155",236539.0,0,0,0,0,0,0,0,0,1
 Wodonga,"2,588",42662.0,0,0,0,0,0,0,0,0,1
 Wyndham,"13,246",283294.0,0,0,0,0,0,0,0,0,1
 Yarra,"11,403",103125.0,0,0,0,0,0,0,0,0,1
 Yarra Ranges,"6,370",159955.0,0,0,0,0,0,0,0,0,1
 Yarriambiack,365,6588.0,0,0,0,0,0,0,0,0,1
